ID_0,NAME_0,OCCUPANCY,MACRO_TAXO,TAXONOMY,BUILDINGS,TOTAL_AREA_SQM
THA,Thailand,Agr,S/LF,S/LF/H:1/AGR1,28,5910.8020802
THA,Thailand,Agr,CR/LFINF,CR/LFINF/H:1/AGR1,17,7528.98476269
THA,Thailand,Agr,W,W/H:1/AGR1,11,904.480724
THA,Thailand,Agr,N/A,N/A/H:1/AGR1,9,1820.10498671
THA,Thailand,Agr,S/MF,S/MF/H:1/AGR1,8,1684.85065981
THA,Thailand,Agr,CR/MF,CR/MF/H:1/AGR1,6,3687.48235333
THA,Thailand,Agr,CR/LFINF,CR/LFINF/H:2-3/AGR1,3,736.1579818
THA,Thailand,Agr,S/BF,S/BF/H:1/AGR1,1,95.12811806
THA,Thailand,Agr,W,W/H:2-3/AGR1,1,272.8765498
THA,Thailand,Com,CR/LFINF,CR/LFINF/H:2-3/COM1,2904,2587152.92644849
THA,Thailand,Com,CR/LFINF,CR/LFINF/H:1/COM1,2433,534273.41151009
THA,Thailand,Com,CR/MF,CR/MF/H:1/COM10,1761,144116.787018963
THA,Thailand,Com,S/LF,S/LF/H:1/COM10,982,111736.318627378
THA,Thailand,Com,CR/LFINF,CR/LFINF/H:1/COM8,831,155400.037410742
THA,Thailand,Com,CR/LFINF,CR/LFINF/H:1/COM3,798,207336.711735909
THA,Thailand,Com,S/LF,S/LF/H:1/COM1,640,203403.378601162
THA,Thailand,Com,CR/LFINF,CR/LFINF/H:2-3/COM3,517,427409.41977727
THA,Thailand,Com,CR/LFINF,CR/LFINF/H:2-3/COM8,491,295174.2412717
THA,Thailand,Com,CR/MF,CR/MF/H:1/COM1,468,120237.73906623
THA,Thailand,Com,CR/LFINF,CR/LFINF/H:1/COM4,445,127881.65014384
THA,Thailand,Com,CR/LFINF,CR/LFINF/H:2-3/COM4,400,353000.56536657
THA,Thailand,Com,S/LF,S/LF/H:1/COM3,365,132040.499854074
THA,Thailand,Com,CR/LFINF,CR/LFINF/H:4-5/COM1,342,545494.71196017
THA,Thailand,Com,CR/LFINF,CR/LFINF/H:1/COM2,251,205468.058731071
THA,Thailand,Com,CR/MF,CR/MF/H:1/COM8,220,38959.310681712
THA,Thailand,Com,CR/MF,CR/MF/H:1/COM3,199,69114.75978046
THA,Thailand,Com,S/LF,S/LF/H:1/COM2,197,132229.61380837
THA,Thailand,Com,CR/LFINF,CR/LFINF/H:2-3/COM1T,187,178579.37301636
THA,Thailand,Com,S/LF,S/LF/H:1/COM8,172,28074.537653495
THA,Thailand,Com,W,W/H:2-3/COM1,145,49627.32320495
THA,Thailand,Com,W,W/H:1/COM1,121,17902.7431333
THA,Thailand,Com,S/MF,S/MF/H:1/COM8,102,23916.024021403
THA,Thailand,Com,S/MF,S/MF/H:1/COM3,96,41836.49391078
THA,Thailand,Com,CR/MF,CR/MF/H:2-3/COM1,94,127126.05580656
THA,Thailand,Com,W,W/H:2-3/COM8,92,30569.88862863
THA,Thailand,Com,CR/LFINF,CR/LFINF/H:4-5/COM3,77,138161.82242152
THA,Thailand,Com,CR/LFINF,CR/LFINF/H:1/COM10,70,11672.45432148
THA,Thailand,Com,CR/LFINF,CR/LFINF/H:2-3/COM6,70,116031.34575895
THA,Thailand,Com,CR/MF,CR/MF/H:1/COM2,68,36751.4561577
THA,Thailand,Com,CR/LFINF,CR/LFINF/H:4-5/COM4,67,170728.18273056
THA,Thailand,Com,CR/MF,CR/MF/H:1/COM4,66,34268.07360974
THA,Thailand,Com,W,W/H:1/COM8,64,6748.49753502
THA,Thailand,Com,CR/LFINF,CR/LFINF/H:2-3/COM7,63,45136.42490626
THA,Thailand,Com,CR/LFINF,CR/LFINF/H:2-3/COM2,58,154697.53278668
THA,Thailand,Com,S/LF,S/LF/H:1/COM4,50,24537.930242506
THA,Thailand,Com,CR/LFINF,CR/LFINF/H:1/COM1T,47,14205.33485237
THA,Thailand,Com,CR/LFINF,CR/LFINF/H:1/COM7,44,10036.20380044
THA,Thailand,Com,CR/LFINF,CR/LFINF/H:4-5/COM1T,41,73374.7653377
THA,Thailand,Com,S/MF,S/MF/H:1/COM2,41,52654.8561685
THA,Thailand,Com,W,W/H:2-3/COM3,41,9322.82194135
THA,Thailand,Com,S/MF,S/MF/H:1/COM1,40,14314.38068489
THA,Thailand,Com,S/LFINF,S/LFINF/H:1/COM8,38,9663.97784368
THA,Thailand,Com,CR/MF,CR/MF/H:2-3/COM3,37,47460.2171812
THA,Thailand,Com,CR/MF,CR/MF/H:4-5/COM1,32,82197.3932125
THA,Thailand,Com,S/LFINF,S/LFINF/H:1/COM3,32,9797.555696200001
THA,Thailand,Com,S/MF,S/MF/H:1/COM4,30,31495.84451521
THA,Thailand,Com,CR/LFINF,CR/LFINF/H:4-5/COM8,25,36126.0528662
THA,Thailand,Com,CR/MF,CR/MF/H:2-3/COM4,24,29062.3632701
THA,Thailand,Com,W,W/H:1/COM3,24,3396.09855535
THA,Thailand,Com,S/LF,S/LF/H:2-3/COM1,23,35526.1600176
THA,Thailand,Com,CR/LFINF,CR/LFINF/H:1/COM6,20,8064.58460277
THA,Thailand,Com,CR/MF,CR/MF/H:2-3/COM8,18,10939.9625585
THA,Thailand,Com,CR/LFINF,CR/LFINF/H:4-5/COM7,17,22604.3381776
THA,Thailand,Com,CR/LWAL,CR/LWAL/H:4-5/COM4,16,39434.9172632
THA,Thailand,Com,S/LF,S/LF/H:2-3/COM8,16,8899.29627256
THA,Thailand,Com,CR/LFINF,CR/LFINF/H:2-3/COM5,15,14607.35707333
THA,Thailand,Com,CR/LFINF,CR/LFINF/H:4-5/COM6,15,109646.989234
THA,Thailand,Com,S/LFINF,S/LFINF/H:1/COM1,15,5848.92267912
THA,Thailand,Com,W,W/H:1/COM10,15,659.70690575
THA,Thailand,Com,CR/MF,CR/MF/H:4-5/COM3,14,40072.6222448
THA,Thailand,Com,S/LFINF,S/LFINF/H:1/COM4,13,6336.16029729
THA,Thailand,Com,W,W/H:1/COM2,13,2103.45357578
THA,Thailand,Com,CR/LFINF,CR/LFINF/H:6-9/COM6,12,131568.188359
THA,Thailand,Com,CR/LFINF,CR/LFINF/H:2-3/COM10,11,8451.37638198
THA,Thailand,Com,N/A,N/A/H:2-3/COM8,11,3932.6849171999997
THA,Thailand,Com,S/MF,S/MF/H:2-3/COM8,11,1604.00411786
THA,Thailand,Com,CR/MF,CR/MF/H:4-5/COM4,10,28906.1616652
THA,Thailand,Com,S/LF,S/LF/H:2-3/COM3,9,8153.432531099999
THA,Thailand,Com,S/LFINF,S/LFINF/H:2-3/COM8,9,4936.2084172
THA,Thailand,Com,CR/LFINF,CR/LFINF/H:6-9/COM1,8,18691.121299
THA,Thailand,Com,S/MF,S/MF/H:1/COM6,8,3298.49564515
THA,Thailand,Com,W,W/H:1/COM4,8,1256.90382824
THA,Thailand,Com,CR/LFINF,CR/LFINF/H:10+/COM6,7,163418.96374
THA,Thailand,Com,CR/LFINF,CR/LFINF/H:4-5/COM5,7,10532.6530957
THA,Thailand,Com,CR/LWAL,CR/LWAL/H:4-5/COM6,7,24447.051867
THA,Thailand,Com,CR/LWAL,CR/LWAL/H:6-9/COM1,7,80417.605654
THA,Thailand,Com,S/LFINF,S/LFINF/H:2-3/COM4,7,4252.17458158
THA,Thailand,Com,N/A,N/A/H:1/COM8,6,476.04475736
THA,Thailand,Com,N/A,N/A/H:2-3/COM1,6,1480.9167786
THA,Thailand,Com,CR/LWAL,CR/LWAL/H:4-5/COM1,5,4887.3565087
THA,Thailand,Com,CR/LWAL,CR/LWAL/H:6-9/COM4,5,34086.503854
THA,Thailand,Com,CR/LWAL,CR/LWAL/H:6-9/COM6,5,35463.380213
THA,Thailand,Com,N/A,N/A/H:1/COM3,5,428.28133682
THA,Thailand,Com,S/LF,S/LF/H:2-3/COM4,5,11168.5396122
THA,Thailand,Com,S/MF,S/MF/H:2-3/COM3,5,4287.7535809
THA,Thailand,Com,W,W/H:2-3/COM2,5,3965.8393754500003
THA,Thailand,Com,CR/LWAL,CR/LWAL/H:2-3/COM1,4,20173.4438812
THA,Thailand,Com,CR/MF,CR/MF/H:2-3/COM10,4,6529.53870501
THA,Thailand,Com,CR/MF,CR/MF/H:2-3/COM7,4,5131.7267745
THA,Thailand,Com,N/A,N/A/H:2-3/COM3,4,1087.1684964
THA,Thailand,Com,S/LF,S/LF/H:2-3/COM2,4,21675.213961
THA,Thailand,Com,S/LFINF,S/LFINF/H:2-3/COM3,4,4587.71875635
THA,Thailand,Com,W,W/H:2-3/COM4,4,1407.2960554000001
THA,Thailand,Com,CR/LFINF,CR/LFINF/H:1/COM5,3,588.2702687999999
THA,Thailand,Com,CR/LFINF,CR/LFINF/H:4-5/COM10,3,3784.0857719
THA,Thailand,Com,CR/LFINF,CR/LFINF/H:6-9/COM4,3,12142.2818502
THA,Thailand,Com,CR/LFINF,CR/LFINF/H:6-9/COM5,3,12144.211022
THA,Thailand,Com,CR/LFINF+FS,CR/LFINF+FS/H:2-3/COM2,3,9402.0574149
THA,Thailand,Com,CR/LWAL,CR/LWAL/H:10+/COM6,3,43227.533301
THA,Thailand,Com,CR/LWAL,CR/LWAL/H:2-3/COM4,3,2586.5652981
THA,Thailand,Com,CR/LWAL,CR/LWAL/H:4-5/COM3,3,4393.4853619000005
THA,Thailand,Com,CR/MF,CR/MF/H:1/COM7,3,949.01103959
THA,Thailand,Com,S/BF,S/BF/H:1/COM3,3,373.38693190000004
THA,Thailand,Com,S/LF,S/LF/H:1/COM1T,3,3082.5425911
THA,Thailand,Com,W,W/H:2-3/COM10,3,607.1239876
THA,Thailand,Com,W,W/H:2-3/COM1T,3,662.3686935
THA,Thailand,Com,CR/LFINF,CR/LFINF/H:4-5/COM2,2,144808.78798999998
THA,Thailand,Com,CR/LFINF+FS,CR/LFINF+FS/H:4-5/COM4,2,6045.542406
THA,Thailand,Com,CR/LFINF+FS,CR/LFINF+FS/H:6-9/COM2,2,253119.011365
THA,Thailand,Com,CR/LWAL,CR/LWAL/H:4-5/COM7,2,4040.6855649999998
THA,Thailand,Com,CR/LWAL,CR/LWAL/H:6-9/COM8,2,11580.900508
THA,Thailand,Com,CR/MF,CR/MF/H:2-3/COM1T,2,1553.0157917000001
THA,Thailand,Com,CR/MF,CR/MF/H:4-5/COM10,2,18252.640111
THA,Thailand,Com,CR/MF,CR/MF/H:6-9/COM1,2,12632.417837
THA,Thailand,Com,MH,MH/H:1/COM3,2,72.03728155
THA,Thailand,Com,N/A,N/A/H:2-3/COM4,2,10532.226754
THA,Thailand,Com,PCR/LWAL,PCR/LWAL/H:1/COM3,2,752.0776298000001
THA,Thailand,Com,PCR/LWAL,PCR/LWAL/H:2-3/COM1T,2,1364.4616618999999
THA,Thailand,Com,S/LFINF,S/LFINF/H:1/COM2,2,4419.277995
THA,Thailand,Com,S/LWAL,S/LWAL/H:2-3/COM3,2,1496.2811193999999
THA,Thailand,Com,S/MF,S/MF/H:1/COM10,2,296.738471
THA,Thailand,Com,S/MF,S/MF/H:2-3/COM2,2,800.1127799
THA,Thailand,Com,W,W/H:2-3/COM7,2,613.1764858
THA,Thailand,Com,CR/LFINF,CR/LFINF/H:10+/COM10,1,38160.24308
THA,Thailand,Com,CR/LFINF,CR/LFINF/H:2-3/COM9,1,128.7436395
THA,Thailand,Com,CR/LFINF,CR/LFINF/H:6-9/COM8,1,26042.65333
THA,Thailand,Com,CR/LFINF+FS,CR/LFINF+FS/H:10+/COM6,1,15810.86489
THA,Thailand,Com,CR/LFINF+FS,CR/LFINF+FS/H:2-3/COM3,1,909.7264135
THA,Thailand,Com,CR/LFINF+FS,CR/LFINF+FS/H:4-5/COM2,1,1310.948669
THA,Thailand,Com,CR/LWAL,CR/LWAL/H:10+/COM1,1,366602.7576
THA,Thailand,Com,CR/LWAL,CR/LWAL/H:2-3/COM6,1,1580.339339
THA,Thailand,Com,CR/LWAL,CR/LWAL/H:6-9/COM2,1,73517.07347
THA,Thailand,Com,CR/LWAL,CR/LWAL/H:6-9/COM3,1,532.9319216
THA,Thailand,Com,CR/LWAL,CR/LWAL/H:6-9/COM5,1,2253.132216
THA,Thailand,Com,CR/MF,CR/MF/H:1/COM1T,1,1504.957071
THA,Thailand,Com,CR/MF,CR/MF/H:10+/COM1,1,1803.915498
THA,Thailand,Com,CR/MF,CR/MF/H:2-3/COM2,1,7551.54624
THA,Thailand,Com,CR/MF,CR/MF/H:4-5/COM8,1,1227.500597
THA,Thailand,Com,CR/MF,CR/MF/H:6-9/COM4,1,2319.696325
THA,Thailand,Com,MH,MH/H:1/COM4,1,95.93827244
THA,Thailand,Com,N/A,N/A/H:1/COM1,1,250.2147086
THA,Thailand,Com,N/A,N/A/H:10+/COM4,1,51739.36052
THA,Thailand,Com,N/A,N/A/H:2-3/COM6,1,1532.513145
THA,Thailand,Com,N/A,N/A/H:4-5/COM4,1,6849.026445
THA,Thailand,Com,N/A,N/A/H:6-9/COM4,1,3410.83612
THA,Thailand,Com,N/A,N/A/H:6-9/COM6,1,13822.63784
THA,Thailand,Com,PCR/LWAL,PCR/LWAL/H:1/COM8,1,41.36256055
THA,Thailand,Com,S/BF,S/BF/H:1/COM8,1,251.7278074
THA,Thailand,Com,S/BF,S/BF/H:2-3/COM8,1,78.85398417
THA,Thailand,Com,S/LF,S/LF/H:1/COM7,1,276.7944219
THA,Thailand,Com,S/LF,S/LF/H:2-3/COM10,1,120.8068898
THA,Thailand,Com,S/LF,S/LF/H:4-5/COM3,1,924.1714571
THA,Thailand,Com,S/LF,S/LF/H:4-5/COM4,1,1359.156785
THA,Thailand,Com,S/LFINF,S/LFINF/H:2-3/COM1,1,159.2347925
THA,Thailand,Com,S/LFINF,S/LFINF/H:2-3/COM7,1,196.8440439
THA,Thailand,Com,S/LWAL,S/LWAL/H:2-3/COM4,1,638.5891519
THA,Thailand,Com,S/MF,S/MF/H:1/COM1T,1,385.3642254
THA,Thailand,Com,S/MF,S/MF/H:1/COM9,1,408.2607253
THA,Thailand,Com,S/MF,S/MF/H:2-3/COM10,1,4920.717887
THA,Thailand,Com,S/MF,S/MF/H:2-3/COM1T,1,1336.617731
THA,Thailand,Com,W,W/H:1/COM1T,1,134.2369996
THA,Thailand,Com,W,W/H:2-3/COM9,1,92.49760522
THA,Thailand,Ind,CR/LFINF,CR/LFINF/H:1/IND3,37,14030.07604825
THA,Thailand,Ind,CR/LFINF,CR/LFINF/H:1/IND2,15,4388.39756827
THA,Thailand,Ind,S/LF,S/LF/H:1/IND1,14,6198.89743445
THA,Thailand,Ind,CR/LFINF,CR/LFINF/H:1/IND1,12,3116.91230627
THA,Thailand,Ind,S/LF,S/LF/H:1/IND2,11,4025.96912061
THA,Thailand,Ind,CR/LFINF,CR/LFINF/H:1/IND6,9,2949.28458657
THA,Thailand,Ind,S/MF,S/MF/H:1/IND4,8,7618.6489114
THA,Thailand,Ind,CR/LFINF,CR/LFINF/H:1/IND4,7,10706.4399519
THA,Thailand,Ind,CR/MF,CR/MF/H:1/IND2,7,3184.36369005
THA,Thailand,Ind,N/A,N/A/H:1/IND2,7,1472.10903049
THA,Thailand,Ind,S/MF,S/MF/H:1/IND1,7,3519.59375739
THA,Thailand,Ind,CR/LFINF,CR/LFINF/H:2-3/IND2,6,2532.66689905
THA,Thailand,Ind,S/MF,S/MF/H:1/IND6,6,1970.5868050899999
THA,Thailand,Ind,CR/LFINF,CR/LFINF/H:2-3/IND1,5,7563.0618844
THA,Thailand,Ind,CR/MF,CR/MF/H:1/IND1,5,2525.5060394
THA,Thailand,Ind,S/LF,S/LF/H:1/IND3,5,601.79774145
THA,Thailand,Ind,S/LF,S/LF/H:1/IND4,5,410.8360354
THA,Thailand,Ind,CR/LFINF,CR/LFINF/H:2-3/IND6,4,1589.2257699000002
THA,Thailand,Ind,S/BF,S/BF/H:1/IND2,4,549.5372337
THA,Thailand,Ind,CR/LFINF,CR/LFINF/H:2-3/IND3,3,804.099408
THA,Thailand,Ind,CR/MF,CR/MF/H:1/IND6,3,854.2656625
THA,Thailand,Ind,S/MF,S/MF/H:1/IND2,3,1371.8606698600001
THA,Thailand,Ind,S/MF,S/MF/H:1/IND3,3,2394.4201357
THA,Thailand,Ind,CR/LFINF,CR/LFINF/H:1/IND5,2,810.8629087
THA,Thailand,Ind,N/A,N/A/H:1/IND1,2,627.77825063
THA,Thailand,Ind,S/LF,S/LF/H:1/IND6,2,303.1396363
THA,Thailand,Ind,S/LFINF,S/LFINF/H:1/IND4,2,542.1356405
THA,Thailand,Ind,W,W/H:1/IND3,2,525.2721367600001
THA,Thailand,Ind,CR/LFINF,CR/LFINF/H:2-3/IND4,1,910.7329594
THA,Thailand,Ind,CR/LFINF,CR/LFINF/H:4-5/IND3,1,596.1189778
THA,Thailand,Ind,CR/LFINF,CR/LFINF/H:4-5/IND6,1,1579.889867
THA,Thailand,Ind,CR/LWAL,CR/LWAL/H:1/IND3,1,2977.877013
THA,Thailand,Ind,CR/LWAL,CR/LWAL/H:2-3/IND2,1,4546.488027
THA,Thailand,Ind,N/A,N/A/H:1/IND4,1,613.6468251
THA,Thailand,Ind,N/A,N/A/H:2-3/IND6,1,15026.97611
THA,Thailand,Ind,S/BF,S/BF/H:1/IND1,1,36.0920036
THA,Thailand,Ind,S/LFINF,S/LFINF/H:1/IND2,1,1434.684677
THA,Thailand,Ind,S/LFINF,S/LFINF/H:1/IND3,1,7227.752315
THA,Thailand,Ind,W,W/H:1/IND1,1,35.70531715
THA,Thailand,Ind,W,W/H:1/IND2,1,129.3944209
THA,Thailand,Other,CR/LFINF,CR/LFINF/H:1/REL1,832,156446.57299255
THA,Thailand,Other,CR/LFINF,CR/LFINF/H:1/GOV1,630,191860.70034427
THA,Thailand,Other,CR/LFINF,CR/LFINF/H:2-3/GOV1,495,592862.01699886
THA,Thailand,Other,CR/LFINF,CR/LFINF/H:2-3/EDU1,349,520397.8138284
THA,Thailand,Other,CR/LFINF,CR/LFINF/H:1/EDU1,334,110498.49177971
THA,Thailand,Other,CR/LFINF,CR/LFINF/H:2-3/REL1,330,217195.8226192
THA,Thailand,Other,CR/LFINF,CR/LFINF/H:2-3/EDU2,298,570314.86116671
THA,Thailand,Other,CR/LFINF,CR/LFINF/H:2-3/GOV2,266,168254.94141027
THA,Thailand,Other,CR/LFINF,CR/LFINF/H:1/EDU2,153,83169.38114375
THA,Thailand,Other,CR/MF,CR/MF/H:1/REL1,104,19129.92561135
THA,Thailand,Other,CR/LFINF,CR/LFINF/H:4-5/EDU2,87,437390.2834951
THA,Thailand,Other,CR/LFINF,CR/LFINF/H:4-5/EDU1,82,249667.0115066
THA,Thailand,Other,CR/MF,CR/MF/H:1/GOV1,78,23031.67560577
THA,Thailand,Other,S/MF,S/MF/H:1/GOV1,72,16244.85010786
THA,Thailand,Other,CR/LFINF,CR/LFINF/H:1/GOV2,66,21777.8246164
THA,Thailand,Other,N/A,N/A/H:2-3/REL1,51,21528.8417711
THA,Thailand,Other,S/LF,S/LF/H:1/GOV1,42,23551.04558569
THA,Thailand,Other,W,W/H:1/REL1,30,7499.1559118899995
THA,Thailand,Other,W,W/H:2-3/GOV2,28,31860.1117432
THA,Thailand,Other,S/LF,S/LF/H:1/REL1,25,2158.74563067
THA,Thailand,Other,CR/MF,CR/MF/H:1/EDU1,22,5560.57175145
THA,Thailand,Other,W,W/H:2-3/GOV1,22,4812.29050701
THA,Thailand,Other,W,W/H:2-3/REL1,22,8863.41593823
THA,Thailand,Other,CR/LFINF,CR/LFINF/H:4-5/GOV1,21,96988.02967630001
THA,Thailand,Other,S/MF,S/MF/H:1/EDU1,18,5321.4398924
THA,Thailand,Other,CR/LWAL,CR/LWAL/H:6-9/EDU2,17,148945.826459
THA,Thailand,Other,CR/LWAL,CR/LWAL/H:4-5/EDU2,16,110058.488788
THA,Thailand,Other,S/LF,S/LF/H:1/EDU1,16,5374.31282886
THA,Thailand,Other,CR/MF,CR/MF/H:1/GOV2,13,4012.71725725
THA,Thailand,Other,W,W/H:1/GOV1,13,1741.07913759
THA,Thailand,Other,CR/LFINF,CR/LFINF/H:4-5/REL1,11,29959.7180431
THA,Thailand,Other,S/LF,S/LF/H:1/EDU2,11,3645.17120248
THA,Thailand,Other,CR/LWAL,CR/LWAL/H:4-5/GOV1,9,49289.836969
THA,Thailand,Other,CR/MF,CR/MF/H:1/EDU2,9,1955.78577572
THA,Thailand,Other,CR/MF,CR/MF/H:2-3/GOV1,9,22935.3109869
THA,Thailand,Other,CR/LFINF,CR/LFINF/H:6-9/EDU2,8,44201.8176727
THA,Thailand,Other,S/LF,S/LF/H:1/GOV2,8,968.53259809
THA,Thailand,Other,S/LFINF,S/LFINF/H:2-3/GOV1,8,15859.8030659
THA,Thailand,Other,S/MF,S/MF/H:1/REL1,8,1118.29454628
THA,Thailand,Other,N/A,N/A/H:1/EDU2,7,1227.79517699
THA,Thailand,Other,S/LFINF,S/LFINF/H:1/GOV1,7,1309.86984419
THA,Thailand,Other,W,W/H:2-3/EDU1,7,2976.5481480500002
THA,Thailand,Other,CR/LFINF,CR/LFINF/H:4-5/GOV2,6,25402.808798
THA,Thailand,Other,CR/LFINF+FS,CR/LFINF+FS/H:4-5/GOV1,5,25017.419176
THA,Thailand,Other,N/A,N/A/H:2-3/GOV1,5,1911.06887686
THA,Thailand,Other,CR/LWAL,CR/LWAL/H:10+/EDU2,4,94143.48685
THA,Thailand,Other,CR/LWAL,CR/LWAL/H:6-9/EDU1,4,28595.839969
THA,Thailand,Other,CR/MF,CR/MF/H:2-3/EDU1,4,3080.24189178
THA,Thailand,Other,CR/MF,CR/MF/H:2-3/GOV2,4,3276.1859823
THA,Thailand,Other,CR/MF,CR/MF/H:2-3/REL1,4,3246.9143795
THA,Thailand,Other,MUR/LWAL,MUR/LWAL/H:1/REL1,4,512.78678669
THA,Thailand,Other,N/A,N/A/H:1/GOV1,4,936.2104378399999
THA,Thailand,Other,W,W/H:1/GOV2,4,1222.8929963
THA,Thailand,Other,CR/LWAL,CR/LWAL/H:2-3/GOV1,3,10221.101878399999
THA,Thailand,Other,CR/MF,CR/MF/H:4-5/EDU1,3,9357.3687042
THA,Thailand,Other,CR/MF,CR/MF/H:4-5/GOV2,3,3241.8256739999997
THA,Thailand,Other,N/A,N/A/H:1/REL1,3,220.41888804
THA,Thailand,Other,N/A,N/A/H:6-9/EDU2,3,25897.862921
THA,Thailand,Other,S/MF,S/MF/H:1/EDU2,3,708.61907389
THA,Thailand,Other,W,W/H:2-3/EDU2,3,3245.4162024
THA,Thailand,Other,CR/LFINF,CR/LFINF/H:6-9/GOV1,2,8759.743322
THA,Thailand,Other,CR/LWAL,CR/LWAL/H:2-3/EDU1,2,12675.223237
THA,Thailand,Other,CR/LWAL,CR/LWAL/H:4-5/EDU1,2,3063.012511
THA,Thailand,Other,CR/LWAL,CR/LWAL/H:6-9/GOV1,2,9123.370257
THA,Thailand,Other,N/A,N/A/H:2-3/EDU1,2,732.7533983999999
THA,Thailand,Other,S/LF,S/LF/H:2-3/GOV1,2,1191.2855872
THA,Thailand,Other,S/MF,S/MF/H:2-3/GOV1,2,5519.902546
THA,Thailand,Other,CR/LFINF,CR/LFINF/H:10+/EDU2,1,19636.76706
THA,Thailand,Other,CR/LFINF,CR/LFINF/H:6-9/EDU1,1,9073.89333
THA,Thailand,Other,CR/LFINF,CR/LFINF/H:6-9/REL1,1,4802.114001
THA,Thailand,Other,CR/LFINF+FS,CR/LFINF+FS/H:1/GOV1,1,1096.912292
THA,Thailand,Other,CR/LFINF+FS,CR/LFINF+FS/H:2-3/GOV1,1,253.9602448
THA,Thailand,Other,CR/LFINF+FS,CR/LFINF+FS/H:4-5/EDU2,1,4360.592762
THA,Thailand,Other,CR/LFINF+FS,CR/LFINF+FS/H:6-9/GOV1,1,1212.598916
THA,Thailand,Other,CR/LWAL,CR/LWAL/H:2-3/EDU2,1,2012.911274
THA,Thailand,Other,CR/LWAL,CR/LWAL/H:6-9/GOV2,1,5078.364825
THA,Thailand,Other,N/A,N/A/H:2-3/EDU2,1,342.3664333
THA,Thailand,Other,N/A,N/A/H:2-3/GOV2,1,404.6018322
THA,Thailand,Other,N/A,N/A/H:4-5/EDU1,1,5415.899888
THA,Thailand,Other,N/A,N/A/H:4-5/REL1,1,946.9967943
THA,Thailand,Other,N/A,N/A/H:6-9/EDU1,1,10263.74616
THA,Thailand,Other,S/LFINF,S/LFINF/H:1/REL1,1,48.28395719
THA,Thailand,Other,S/MF,S/MF/H:1/GOV2,1,446.8602346
THA,Thailand,Other,W,W/H:1/EDU1,1,58.56193319
THA,Thailand,Other,W,W/H:4-5/REL1,1,1808.111134
THA,Thailand,Res,CR/LFINF,CR/LFINF/H:1/RES1,34090,4132658.92439035
THA,Thailand,Res,CR/LFINF,CR/LFINF/H:2-3/RES1,26557,8466807.758566637
THA,Thailand,Res,W,W/H:2-3/RES1,3553,848301.7327433
THA,Thailand,Res,CR/LFINF,CR/LFINF/H:2-3/RES3,1746,1227568.63457761
THA,Thailand,Res,W,W/H:1/RES1,1244,120937.279756958
THA,Thailand,Res,CR/LFINF,CR/LFINF/H:2-3/RES4,874,582308.81929753
THA,Thailand,Res,CR/LFINF,CR/LFINF/H:4-5/RES3,679,1356877.46238711
THA,Thailand,Res,CR/LFINF,CR/LFINF/H:1/RES3,642,137619.04269969199
THA,Thailand,Res,S/LF,S/LF/H:1/RES1,624,59272.285965086
THA,Thailand,Res,CR/MF,CR/MF/H:1/RES1,615,60338.270371129
THA,Thailand,Res,N/A,N/A/H:2-3/RES1,382,75562.55012518
THA,Thailand,Res,CR/LFINF,CR/LFINF/H:1/RES4,358,74985.82029564
THA,Thailand,Res,CR/LFINF,CR/LFINF/H:4-5/RES1,320,390255.87588614
THA,Thailand,Res,CR/LFINF,CR/LFINF/H:4-5/RES4,274,493051.1297761
THA,Thailand,Res,CR/LWAL,CR/LWAL/H:4-5/RES3,193,418834.6918146
THA,Thailand,Res,CR/LWAL,CR/LWAL/H:6-9/RES3,186,939238.186325
THA,Thailand,Res,CR/LFINF,CR/LFINF/H:2-3/RES5,172,144735.73262381
THA,Thailand,Res,CR/LWAL,CR/LWAL/H:6-9/RES4,113,621988.5856155
THA,Thailand,Res,W,W/H:2-3/RES4,105,31429.591665480002
THA,Thailand,Res,CR/LFINF,CR/LFINF/H:4-5/RES5,85,186270.05507388
THA,Thailand,Res,CR/LWAL,CR/LWAL/H:4-5/RES4,84,196778.3215234
THA,Thailand,Res,CR/LFINF,CR/LFINF/H:1/RES5,79,27230.05243097
THA,Thailand,Res,CR/MF,CR/MF/H:2-3/RES1,77,29508.99791488
THA,Thailand,Res,S/MF,S/MF/H:1/RES1,75,8403.76779751
THA,Thailand,Res,CR/LFINF,CR/LFINF/H:6-9/RES3,66,258260.4689596
THA,Thailand,Res,N/A,N/A/H:6-9/RES3,54,354601.7973716
THA,Thailand,Res,CR/LFINF,CR/LFINF/H:2-3/RES3D,53,29475.2845102
THA,Thailand,Res,N/A,N/A/H:1/RES1,49,4350.48199512
THA,Thailand,Res,CR/LFINF,CR/LFINF/H:4-5/RES3E,47,71932.8017974
THA,Thailand,Res,S/LF,S/LF/H:2-3/RES1,42,10827.54242266
THA,Thailand,Res,CR/LWAL,CR/LWAL/H:6-9/RES5,40,168476.2565899
THA,Thailand,Res,CR/LFINF,CR/LFINF/H:2-3/RES3C,39,17771.73897476
THA,Thailand,Res,N/A,N/A/H:4-5/RES3,39,92477.5882194
THA,Thailand,Res,W,W/H:2-3/RES3,38,14715.50417238
THA,Thailand,Res,CR/LFINF,CR/LFINF/H:2-3/RES3E,37,38489.6562575
THA,Thailand,Res,CR/LFINF,CR/LFINF/H:6-9/RES4,36,154953.4674638
THA,Thailand,Res,S/LF,S/LF/H:1/RES3,35,3938.22562565
THA,Thailand,Res,CR/LWAL,CR/LWAL/H:2-3/RES1,33,11228.72536624
THA,Thailand,Res,CR/LWAL,CR/LWAL/H:4-5/RES5,30,72442.7137861
THA,Thailand,Res,W,W/H:1/RES3,29,3337.8211640199997
THA,Thailand,Res,CR/MF,CR/MF/H:4-5/RES4,28,69227.4081676
THA,Thailand,Res,CR/LFINF,CR/LFINF/H:4-5/RES3F,27,65673.6054313
THA,Thailand,Res,CR/MF,CR/MF/H:2-3/RES4,27,26323.7836953
THA,Thailand,Res,CR/LFINF,CR/LFINF/H:1/RES3C,26,6397.38446495
THA,Thailand,Res,CR/LWAL,CR/LWAL/H:10+/RES3,26,363158.57062199997
THA,Thailand,Res,W,W/H:1/RES4,23,2346.48085892
THA,Thailand,Res,CR/LFINF,CR/LFINF/H:1/RES3B,22,3514.25422762
THA,Thailand,Res,CR/LWAL,CR/LWAL/H:10+/RES4,21,507335.055116
THA,Thailand,Res,S/LFINF,S/LFINF/H:1/RES1,21,1741.83072488
THA,Thailand,Res,CR/LFINF,CR/LFINF/H:2-3/RES3B,18,9667.5014031
THA,Thailand,Res,CR/LWAL,CR/LWAL/H:2-3/RES4,17,17858.8931062
THA,Thailand,Res,CR/MF,CR/MF/H:1/RES3,17,2858.31540636
THA,Thailand,Res,S/LFINF,S/LFINF/H:2-3/RES1,17,3282.4022059400004
THA,Thailand,Res,W,W/H:1/RES2,17,808.04223079
THA,Thailand,Res,N/A,N/A/H:2-3/RES4,16,3651.82893521
THA,Thailand,Res,CR/LWAL,CR/LWAL/H:4-5/RES1,15,17989.5073198
THA,Thailand,Res,CR/MF,CR/MF/H:1/RES4,14,2365.09332076
THA,Thailand,Res,CR/MF,CR/MF/H:4-5/RES3,14,25553.8552161
THA,Thailand,Res,CR/LWAL,CR/LWAL/H:2-3/RES3,13,10338.0748364
THA,Thailand,Res,S/LF,S/LF/H:1/RES5,13,2060.9025132799998
THA,Thailand,Res,CR/LWAL,CR/LWAL/H:6-9/RES3F,12,60281.0016
THA,Thailand,Res,CR/MF,CR/MF/H:10+/RES4,12,312326.54238
THA,Thailand,Res,CR/MF,CR/MF/H:6-9/RES4,12,64861.4526919
THA,Thailand,Res,S/LF,S/LF/H:1/RES4,12,1352.96605189
THA,Thailand,Res,CR/LFINF,CR/LFINF/H:4-5/RES3D,11,9284.5225584
THA,Thailand,Res,CR/LFINF+FS,CR/LFINF+FS/H:2-3/RES5,11,17343.29544
THA,Thailand,Res,CR/LFINF,CR/LFINF/H:6-9/RES5,10,37851.4391264
THA,Thailand,Res,MH,MH/H:1/RES2,10,457.76007676
THA,Thailand,Res,S/MF,S/MF/H:2-3/RES1,10,2345.889559
THA,Thailand,Res,CR/LWAL,CR/LWAL/H:4-5/RES3F,9,42605.570851
THA,Thailand,Res,CR/LWAL,CR/LWAL/H:6-9/RES1,9,22638.9434873
THA,Thailand,Res,CR/MF,CR/MF/H:2-3/RES3,9,22128.977311
THA,Thailand,Res,CR/MF,CR/MF/H:6-9/RES3,9,39728.834888
THA,Thailand,Res,CR/LFINF+FS,CR/LFINF+FS/H:4-5/RES5,8,30166.762674999998
THA,Thailand,Res,PCR/LWAL,PCR/LWAL/H:2-3/RES1,8,1618.0032993
THA,Thailand,Res,CR/LFINF,CR/LFINF/H:1/RES3A,7,646.19235266
THA,Thailand,Res,CR/LFINF,CR/LFINF/H:10+/RES3,7,123464.36372699999
THA,Thailand,Res,CR/LFINF,CR/LFINF/H:6-9/RES3F,7,31134.890924
THA,Thailand,Res,CR/LFINF+FS,CR/LFINF+FS/H:4-5/RES3,7,8404.8552637
THA,Thailand,Res,CR/LFINF+FS,CR/LFINF+FS/H:6-9/RES3,7,30462.287402
THA,Thailand,Res,CR/MF,CR/MF/H:4-5/RES1,7,9551.3296607
THA,Thailand,Res,S/LF,S/LF/H:1/RES2,7,536.09946741
THA,Thailand,Res,CR/LFINF,CR/LFINF/H:2-3/RES6,6,3466.5235965
THA,Thailand,Res,CR/LFINF,CR/LFINF/H:6-9/RES1,6,13329.4792069
THA,Thailand,Res,CR/LFINF,CR/LFINF/H:1/RES6,5,658.38885289
THA,Thailand,Res,CR/LFINF,CR/LFINF/H:2-3/RES2,5,40053.1113413
THA,Thailand,Res,CR/LFINF,CR/LFINF/H:2-3/RES3A,5,1868.8341231
THA,Thailand,Res,CR/MF,CR/MF/H:1/RES5,5,329.5219242
THA,Thailand,Res,MUR/LWAL,MUR/LWAL/H:1/RES1,5,514.28356683
THA,Thailand,Res,CR/LFINF,CR/LFINF/H:1/RES2,4,374.59884664000003
THA,Thailand,Res,CR/LFINF,CR/LFINF/H:1/RES3D,4,1450.1121083
THA,Thailand,Res,CR/LFINF,CR/LFINF/H:10+/RES4,4,104717.17421099999
THA,Thailand,Res,CR/LWAL,CR/LWAL/H:1/RES1,4,531.03927501
THA,Thailand,Res,CR/LWAL,CR/LWAL/H:4-5/RES3E,4,4737.4480196
THA,Thailand,Res,MH,MH/H:1/RES1,4,298.88091449
THA,Thailand,Res,N/A,N/A/H:2-3/RES5,4,3429.7075176
THA,Thailand,Res,N/A,N/A/H:6-9/RES4,4,9879.3239866
THA,Thailand,Res,S/LF,S/LF/H:2-3/RES4,4,3638.3963492999997
THA,Thailand,Res,S/MF,S/MF/H:1/RES2,4,174.93522611
THA,Thailand,Res,S/MF,S/MF/H:1/RES5,4,252.60341079
THA,Thailand,Res,W,W/H:2-3/RES5,4,1659.725129
THA,Thailand,Res,N/A,N/A/H:10+/RES3,3,54564.987052
THA,Thailand,Res,N/A,N/A/H:2-3/RES3,3,1473.001953
THA,Thailand,Res,CR/LFINF+FS,CR/LFINF+FS/H:2-3/RES4,2,807.2262284
THA,Thailand,Res,CR/LFINF+FS,CR/LFINF+FS/H:4-5/RES4,2,7963.043597
THA,Thailand,Res,CR/LWAL,CR/LWAL/H:6-9/RES3E,2,8727.126813
THA,Thailand,Res,N/A,N/A/H:1/RES4,2,587.0053519999999
THA,Thailand,Res,W,W/H:2-3/RES3C,2,630.3052445000001
THA,Thailand,Res,W,W/H:2-3/RES6,2,344.578736
THA,Thailand,Res,CR/LFINF,CR/LFINF/H:10+/RES1,1,1355.81043
THA,Thailand,Res,CR/LFINF,CR/LFINF/H:10+/RES5,1,20665.69533
THA,Thailand,Res,CR/LFINF,CR/LFINF/H:2-3/RES3F,1,2432.098604
THA,Thailand,Res,CR/LFINF,CR/LFINF/H:4-5/RES3A,1,5612.114679
THA,Thailand,Res,CR/LFINF,CR/LFINF/H:4-5/RES3B,1,823.0246279
THA,Thailand,Res,CR/LFINF,CR/LFINF/H:4-5/RES3C,1,699.3576596
THA,Thailand,Res,CR/LFINF,CR/LFINF/H:4-5/RES6,1,833.3413066
THA,Thailand,Res,CR/LFINF+FS,CR/LFINF+FS/H:10+/RES3,1,28173.11756
THA,Thailand,Res,CR/LFINF+FS,CR/LFINF+FS/H:2-3/RES3,1,599.7151345
THA,Thailand,Res,CR/LFINF+FS,CR/LFINF+FS/H:6-9/RES3F,1,6786.785798
THA,Thailand,Res,CR/LFINF+FS,CR/LFINF+FS/H:6-9/RES4,1,8797.541519
THA,Thailand,Res,CR/LWAL,CR/LWAL/H:1/RES3,1,541.5778969
THA,Thailand,Res,CR/LWAL,CR/LWAL/H:10+/RES3F,1,8609.316808
THA,Thailand,Res,CR/LWAL,CR/LWAL/H:10+/RES5,1,11794.93473
THA,Thailand,Res,CR/LWAL,CR/LWAL/H:2-3/RES3E,1,1738.33398
THA,Thailand,Res,CR/MF,CR/MF/H:10+/RES3,1,2205.067874
THA,Thailand,Res,CR/MF,CR/MF/H:2-3/RES3C,1,1088.787094
THA,Thailand,Res,CR/MF,CR/MF/H:2-3/RES3D,1,319.0274951
THA,Thailand,Res,MH,MH/H:2-3/RES1,1,247.816616
THA,Thailand,Res,MUR/LWAL,MUR/LWAL/H:2-3/RES1,1,238.5586602
THA,Thailand,Res,S/BF,S/BF/H:2-3/RES1,1,86.72134433
THA,Thailand,Res,S/BF,S/BF/H:4-5/RES3,1,2875.029217
THA,Thailand,Res,S/BF,S/BF/H:6-9/RES3F,1,4683.386756
THA,Thailand,Res,S/LF,S/LF/H:1/RES6,1,23.29811118
THA,Thailand,Res,S/LF,S/LF/H:2-3/RES3,1,393.3210052
THA,Thailand,Res,S/LF,S/LF/H:2-3/RES5,1,341.5988328
THA,Thailand,Res,S/LF,S/LF/H:4-5/RES1,1,259.969728
THA,Thailand,Res,S/LFINF,S/LFINF/H:1/RES4,1,150.5092769
THA,Thailand,Res,S/LWAL,S/LWAL/H:1/RES2,1,69.21144241
THA,Thailand,Res,S/MF,S/MF/H:1/RES3,1,120.9261555
THA,Thailand,Res,S/MF,S/MF/H:1/RES3B,1,166.1781323
THA,Thailand,Res,S/MF,S/MF/H:1/RES4,1,208.6597975
THA,Thailand,Res,S/MF,S/MF/H:2-3/RES3,1,119.0208838
THA,Thailand,Res,S/MF,S/MF/H:2-3/RES5,1,2666.249221
THA,Thailand,Res,W,W/H:1/RES3A,1,107.0522785
